Pick,CDF-fitted dark time (s),number of binding sites,x,y,convex_hull
0,57.51191202314022,4.0,253.6044921875,171.17442321777344,0.8481484055519104
2,284.7450579574803,1.0,269.61456298828125,173.9325408935547,0.09183003753423691
3,32.419267252859115,8.0,250.9722137451172,175.82830810546875,0.49864527583122253
4,111.34063735341634,2.0,250.0447540283203,180.26406860351562,0.07612544298171997
7,6.355731067200817,39.0,273.1671447753906,188.68316650390625,3.8373258113861084
9,50.94591174000335,5.0,258.7823181152344,183.43386840820312,0.14481738209724426
10,68.64495861847807,4.0,254.13516235351562,181.90296936035156,0.3976522386074066
11,234.05093415255746,1.0,262.9117736816406,184.91183471679688,0.050056036561727524
12,62.969712516793095,4.0,272.015625,188.5196990966797,0.49223583936691284
13,269.6346184556184,1.0,270.9317626953125,187.8992462158203,0.1384480893611908
14,154.38113529875466,2.0,261.1297302246094,177.13291931152344,0.08778487890958786
15,278.2906428654375,1.0,275.97625732421875,184.97006225585938,0.048042431473731995
16,44.6431630147076,6.0,272.0427551269531,181.48532104492188,0.39214077591896057
17,85.67509978454977,3.0,276.9295654296875,182.6572723388672,0.24214166402816772
18,159.42543941617475,2.0,253.64657592773438,178.0165557861328,0.08546112477779388
19,160.9334599463638,2.0,266.103515625,192.49871826171875,0.08341887593269348
20,98.03159161911985,3.0,259.85302734375,182.8758544921875,0.16818802058696747
21,97.28959197524334,3.0,261.6470031738281,163.79269409179688,0.2329215407371521
22,193.9588086201356,1.0,276.0933837890625,182.84390258789062,0.05852145701646805
25,64.88809971759788,4.0,271.47808837890625,171.36917114257812,0.25410178303718567
26,31.404746539773942,8.0,260.30133056640625,168.33836364746094,0.7850070595741272
27,237.27250638441262,1.0,268.96478271484375,170.8720703125,0.05566474050283432
28,208.07152115675245,1.0,251.33251953125,179.76988220214844,0.10081160068511963
30,33.543990259500355,7.0,270.03192138671875,164.23129272460938,0.5603677034378052
31,235.56739040056615,1.0,265.0186462402344,164.94949340820312,0.05650465935468674
33,144.72174203510104,2.0,274.7369079589844,167.827392578125,0.11887401342391968
34,167.3222118948724,1.0,254.00331115722656,179.21206665039062,0.114896759390831
35,130.1823030865986,2.0,257.3778076171875,184.2149200439453,0.12248798459768295
36,154.2120623396849,2.0,277.2812194824219,178.85598754882812,0.11489187926054001
37,151.15010136508434,2.0,267.15985107421875,180.7639617919922,0.059669412672519684
39,36.58247215939836,7.0,264.9280700683594,187.74072265625,0.4569207429885864
40,44.922127813869864,6.0,267.79052734375,180.3154754638672,0.31297656893730164
41,199.21100711757913,1.0,263.1990051269531,181.60894775390625,0.12193769216537476
42,130.5008769065232,2.0,267.8927917480469,176.02294921875,0.11094746738672256
43,48.07771832073263,5.0,275.77435302734375,173.9335479736328,0.6017236709594727
46,114.33353908400085,2.0,266.3072814941406,191.6860809326172,0.36082327365875244
47,127.19803610892417,2.0,253.86891174316406,184.69900512695312,0.25874078273773193
48,73.64675652436192,3.0,270.5411376953125,183.14280700683594,0.19902952015399933
49,311.69506164652427,1.0,277.4766845703125,175.42088317871094,0.11120311170816422
50,391.49917813642526,1.0,253.375244140625,184.698974609375,0.1014975979924202
51,180.57663167707614,1.0,272.46551513671875,166.43930053710938,0.1021445244550705
53,142.23808576290543,2.0,263.6517639160156,170.6990966796875,0.10758725553750992
54,91.98293969189668,3.0,262.5316467285156,182.92713928222656,0.186872199177742
55,279.3545236399811,1.0,263.5622253417969,163.9871368408203,0.04632768779993057
56,188.00740666545832,1.0,267.1885070800781,174.81442260742188,0.06163300201296806
57,56.17862794058714,4.0,274.2367248535156,178.50794982910156,0.2976927161216736
58,90.77169101250149,3.0,268.7562255859375,188.7003936767578,0.33364373445510864
59,179.3405876994893,1.0,273.7911071777344,174.12307739257812,0.10704617947340012
60,157.0744560450966,2.0,258.6039123535156,188.40579223632812,0.17050853371620178
61,182.59475812367478,1.0,265.8782958984375,183.447265625,0.07000920176506042
62,199.28776827481406,1.0,256.9658203125,185.8560791015625,0.10172593593597412
63,58.666644038665034,4.0,261.3190612792969,167.24476623535156,0.2859556972980499
65,57.25595554486532,4.0,263.3138122558594,188.3921356201172,0.49203231930732727
66,230.0152352372363,1.0,265.4845275878906,162.86175537109375,0.10102495551109314
67,128.070354999961,2.0,257.46502685546875,180.32537841796875,0.14770089089870453
68,372.0631514082584,1.0,263.61767578125,164.74220275878906,0.045266930013895035
70,285.9331185343642,1.0,268.37127685546875,166.5511016845703,0.07898973673582077
71,348.57436884403484,1.0,261.5545349121094,180.05368041992188,0.04204444959759712
72,61.22306946761279,4.0,251.12445068359375,182.6411895751953,0.1845582127571106
73,309.4858786983805,1.0,268.45782470703125,182.0707244873047,0.03171546384692192
74,103.32411715692452,2.0,265.80828857421875,181.58091735839844,0.11268866062164307
76,117.97255636976301,2.0,255.69911193847656,181.34237670898438,0.13225390017032623
77,87.95715575455853,3.0,263.1072998046875,165.47235107421875,0.15187817811965942
78,140.58603989733416,2.0,266.2813415527344,190.0611572265625,0.2510550916194916
79,42.61940983431584,6.0,255.4886932373047,185.7627716064453,0.5416043400764465
80,222.50318515607484,1.0,269.0761413574219,178.6475372314453,0.12094888091087341
81,29.04079205630506,9.0,253.754638671875,186.68963623046875,0.6242890357971191
82,119.38669656260882,2.0,271.8730773925781,175.1220245361328,0.0780717134475708
84,305.43618160415707,1.0,262.34222412109375,169.1829833984375,0.06664897501468658
85,48.26157001036252,5.0,256.06585693359375,178.79371643066406,0.13242466747760773
86,82.11211943545221,3.0,262.282470703125,175.23399353027344,0.2238771766424179
88,153.23529291708968,2.0,258.5890197753906,184.64556884765625,0.1641833633184433
90,146.32505283755117,2.0,271.3486633300781,165.2696075439453,0.1392635703086853
93,151.28037480276708,2.0,269.3209228515625,176.2994842529297,0.09324334561824799
94,237.77658703285968,1.0,274.08489990234375,181.11160278320312,0.07223117351531982
95,94.63776755837831,3.0,271.55621337890625,170.67431640625,0.23210632801055908
96,317.2688042611171,1.0,254.15689086914062,181.2220001220703,0.07533296197652817
97,263.2038214297226,1.0,270.9142761230469,189.06129455566406,0.09479643404483795
98,264.49783574379137,1.0,264.9366149902344,172.59518432617188,0.13676698505878448
99,187.50308212603196,1.0,263.2381896972656,167.538818359375,0.06378183513879776
100,206.18082544114657,1.0,267.99462890625,169.58062744140625,0.10460131615400314
102,71.55078952919182,3.0,258.6969909667969,170.12405395507812,0.3062100410461426
103,63.86926896732621,4.0,252.36688232421875,182.12271118164062,0.17112314701080322
104,250.96325129424594,1.0,277.0213928222656,175.30560302734375,0.12137838453054428
105,76.70695805417431,3.0,262.3601379394531,173.64389038085938,0.20909148454666138
106,165.8810822361146,1.0,264.9405517578125,166.22210693359375,0.07752189040184021
108,88.10208532692077,3.0,266.29998779296875,171.11114501953125,0.20002371072769165
109,80.64980251115279,3.0,251.5913848876953,174.5200958251953,0.22921797633171082
110,39.65042269207212,6.0,278.5433044433594,177.9628143310547,1.1083550453186035
111,40.613741023605876,6.0,264.35382080078125,170.71299743652344,0.22022892534732819
112,59.050758771791514,4.0,251.97401428222656,180.4697265625,0.25855371356010437
114,249.1155214449188,1.0,266.4707336425781,171.90928649902344,0.16035494208335876
116,173.03564544638118,1.0,264.43505859375,178.0383758544922,0.06092864274978638
117,127.92834758530515,2.0,258.5417175292969,187.7976531982422,0.11286959052085876
118,210.97888190589433,1.0,252.90464782714844,185.1688995361328,0.12963838875293732
119,46.397209700440214,5.0,266.8253479003906,175.12733459472656,0.17497152090072632
120,96.5097459966141,3.0,261.8179016113281,165.54798889160156,0.232744500041008
122,451.26819366587904,1.0,264.74725341796875,186.68467712402344,0.054480716586112976
123,38.03124239444452,6.0,263.82098388671875,182.97628784179688,0.2563071846961975
126,21.48708265755341,12.0,271.4981994628906,186.21754455566406,0.47599780559539795
127,179.8499447443066,1.0,278.12872314453125,177.03463745117188,0.1245577335357666
128,255.8485323319304,1.0,277.2572937011719,176.87289428710938,0.10271652042865753
129,52.4723509201717,5.0,274.2527770996094,187.73268127441406,0.34031516313552856
130,72.35285119443179,3.0,259.0949401855469,185.78529357910156,0.1688181757926941
131,64.77983921759437,4.0,265.1143798828125,184.351806640625,0.27402520179748535
132,191.431882170113,1.0,271.4079284667969,176.9671173095703,0.05385736748576164
133,131.94582468043723,2.0,264.3287353515625,186.89974975585938,0.17031414806842804
134,88.46017763429803,3.0,264.63934326171875,168.2393341064453,0.2964419722557068
135,59.10304034333494,4.0,266.9914855957031,190.79075622558594,0.3180030882358551
136,248.72771071095414,1.0,252.48825073242188,185.61964416503906,0.1296853870153427
138,354.20019888463827,1.0,255.21588134765625,187.60206604003906,0.13732904195785522
139,235.9280903735191,1.0,277.3779296875,172.5775146484375,0.09245786815881729
140,206.58609066644726,1.0,254.9271240234375,184.34425354003906,0.1344042867422104
141,252.5469467638145,1.0,263.176513671875,186.22201538085938,0.08211013674736023
142,116.70483786726018,2.0,262.3433532714844,190.22486877441406,0.1196955218911171
143,123.9167122463542,2.0,257.9506530761719,167.12937927246094,0.17222245037555695
144,151.5819785799018,2.0,253.23023986816406,180.17544555664062,0.17996081709861755
145,106.12622197689439,2.0,272.95855712890625,182.9862823486328,0.15105551481246948
146,260.1279787850614,1.0,259.4066467285156,187.77529907226562,0.07940974086523056
148,90.72045006845913,3.0,256.6811828613281,188.46018981933594,0.3356904983520508
150,95.23053340405185,3.0,266.74652099609375,180.21893310546875,0.15836501121520996
151,35.218344361458726,7.0,252.06910705566406,174.02099609375,0.8206468820571899
152,248.33019729262335,1.0,266.56243896484375,179.80096435546875,0.07243484258651733
153,232.22163511867507,1.0,266.7361145019531,169.5882568359375,0.052441805601119995
154,62.33902022177527,4.0,265.7640075683594,170.21986389160156,0.35771438479423523
155,124.02731279060696,2.0,263.5688781738281,186.45535278320312,0.140265092253685
156,338.3211334587517,1.0,258.0892028808594,171.3951873779297,0.06970163434743881
158,197.43654784539274,1.0,265.82763671875,178.66256713867188,0.0816858783364296
159,47.427623208375635,5.0,268.16741943359375,165.76882934570312,0.1666768342256546
161,118.56323088382678,2.0,258.6081848144531,182.01345825195312,0.20160087943077087
162,40.71306913514067,6.0,266.5145568847656,182.4351043701172,0.3113587200641632
164,259.2981601113791,1.0,274.00244140625,167.95497131347656,0.11611077934503555
165,308.04295723597704,1.0,268.104736328125,167.84971618652344,0.014680308289825916
166,64.58904101960042,4.0,250.06752014160156,177.99896240234375,0.29668116569519043
167,234.9242816941844,1.0,267.193603515625,182.40512084960938,0.030996624380350113
169,375.8705173793623,1.0,270.5216979980469,174.4565887451172,0.07360249757766724
170,248.80411069756514,1.0,261.2949523925781,166.09939575195312,0.09946788847446442
171,104.68731277600955,2.0,275.5046691894531,186.4624481201172,0.249775692820549
172,89.9973311066581,3.0,255.45909118652344,183.62451171875,0.23771415650844574
173,138.65674003866405,2.0,276.6611328125,169.3267822265625,0.1338517814874649
174,151.02424146044305,2.0,256.91180419921875,187.40000915527344,0.14707858860492706
175,320.3693088665172,1.0,257.65301513671875,169.3064422607422,0.09874644875526428
179,326.13687502296324,1.0,267.9960021972656,190.36148071289062,0.10224878042936325
180,88.76880452993117,3.0,253.35250854492188,187.36758422851562,0.17751245200634003
181,119.74019970522313,2.0,269.6986389160156,167.6159210205078,0.10763677954673767
184,187.9905040676171,1.0,258.6760559082031,185.1316680908203,0.04020119085907936
185,309.81982387362433,1.0,259.4130554199219,166.63673400878906,0.04765533283352852
188,88.47416388683733,3.0,252.78170776367188,184.28564453125,0.14536066353321075
189,208.60813270046742,1.0,275.62640380859375,182.17454528808594,0.06645727157592773
190,112.70857815284216,2.0,260.43011474609375,163.6797332763672,0.270926833152771
191,131.4718441233482,2.0,260.3378601074219,176.45533752441406,0.17986886203289032
194,196.04838970973174,1.0,256.0204772949219,188.54379272460938,0.09449279308319092
195,170.9653139794524,1.0,275.99554443359375,170.1923828125,0.1754319667816162
196,159.89500594549324,2.0,255.0501251220703,182.2522430419922,0.1265561431646347
197,183.45703283670863,1.0,271.87652587890625,178.82144165039062,0.09339756518602371
198,212.63579850508634,1.0,261.0769348144531,173.94216918945312,0.06336937099695206
200,146.0835837679129,2.0,266.96661376953125,191.6139373779297,0.1551540046930313
203,155.8782124756038,2.0,274.1733093261719,171.32444763183594,0.08401979506015778
204,228.32943541699262,1.0,259.0520324707031,180.6873779296875,0.05733174458146095
205,92.41553281853956,3.0,252.68417358398438,180.9571533203125,0.12649931013584137
206,125.46860304703412,2.0,273.4653625488281,186.1785430908203,0.13736490905284882
207,394.6107488504349,1.0,263.88067626953125,165.2509307861328,0.06059633567929268
208,116.75088064891885,2.0,263.33740234375,162.86434936523438,0.20949998497962952
210,46.71245973547008,5.0,267.9041442871094,184.7757568359375,0.6151511669158936
211,160.10529432478393,2.0,260.60577392578125,171.92086791992188,0.11928936094045639
212,109.31905530278682,2.0,259.6221618652344,185.62037658691406,0.13090330362319946
214,246.89500864435107,1.0,267.1922912597656,173.93173217773438,0.06716515123844147
216,154.95917258116793,2.0,253.5953369140625,185.8231658935547,0.15134480595588684
218,181.83576285160652,1.0,256.8376159667969,183.0615997314453,0.08264613896608353
219,282.2998150699341,1.0,257.22332763671875,173.80601501464844,0.04511818662285805
220,170.28541698031952,1.0,260.9722900390625,165.85708618164062,0.06852895021438599
221,101.79762271856774,2.0,254.90501403808594,174.46295166015625,0.273296058177948
222,141.57489364836965,2.0,266.4064636230469,174.11575317382812,0.18605244159698486
223,73.63084225391256,3.0,250.07315063476562,176.59300231933594,0.31246188282966614
224,207.36885945335018,1.0,276.9632263183594,181.13450622558594,0.21469822525978088
225,124.14824536968257,2.0,254.61578369140625,185.43800354003906,0.14571495354175568
227,96.65608072663301,3.0,263.9570617675781,166.1012420654297,0.22464264929294586
228,105.93823845577892,2.0,268.11395263671875,178.08184814453125,0.15055574476718903
229,163.12776462123193,2.0,268.0013122558594,170.30075073242188,0.07879867404699326
230,254.4884395493522,1.0,268.5189514160156,171.3799285888672,0.15677110850811005
232,119.80630966366336,2.0,276.8833312988281,178.54444885253906,0.07182661443948746
233,196.1298568751035,1.0,257.3254089355469,186.4934539794922,0.10230196267366409
234,95.77225856457352,3.0,269.95281982421875,178.9383544921875,0.17511466145515442
237,141.7660113019759,2.0,277.97344970703125,181.4424591064453,0.14542680978775024
238,240.72979903189741,1.0,261.7962341308594,167.599609375,0.10743328928947449
240,126.07638982550306,2.0,261.56866455078125,173.10110473632812,0.1419028490781784
241,220.71777817189323,1.0,252.1103515625,175.98033142089844,0.07315508276224136
242,142.57501226741945,2.0,269.3175964355469,187.3564910888672,0.12678782641887665
244,115.42116371470246,2.0,264.34808349609375,163.7069854736328,0.13956521451473236
246,383.1746445833013,1.0,250.49069213867188,179.54144287109375,0.06615608930587769
247,329.79413705987935,1.0,267.5121154785156,191.83055114746094,0.09052988886833191
248,226.9870040726748,1.0,260.00140380859375,173.2525634765625,0.056447550654411316
249,87.33368619029206,3.0,263.84747314453125,189.08316040039062,0.20164771378040314
250,93.08623126864443,3.0,273.6118469238281,172.5342254638672,0.2739483714103699
255,314.0450917320438,1.0,269.13348388671875,166.76344299316406,0.06514500081539154
257,156.47678476867685,2.0,261.2008056640625,168.9187469482422,0.06007177755236626
258,241.1300580864669,1.0,260.75445556640625,173.73568725585938,0.04871772974729538
262,201.7514453480911,1.0,262.9535827636719,187.50473022460938,0.07825839519500732
263,100.62728132347745,2.0,252.9365997314453,185.9466094970703,0.21634919941425323
264,83.30335737951056,3.0,250.93704223632812,174.27859497070312,0.13135994970798492
265,197.68568215443844,1.0,277.37615966796875,177.88613891601562,0.1075545996427536
267,244.50043654426264,1.0,274.8111267089844,176.65586853027344,0.07184220850467682
268,144.61565808091817,2.0,263.1072082519531,163.28024291992188,0.12557777762413025
269,183.5869460502478,1.0,268.71014404296875,175.78977966308594,0.15033578872680664
270,259.9293498673264,1.0,259.26025390625,178.2537841796875,0.05188415199518204
271,272.1152991193598,1.0,257.11077880859375,178.3687744140625,0.06345678865909576
272,214.4780341312983,1.0,251.46400451660156,177.84820556640625,0.07615058124065399
274,324.2844819461662,1.0,254.81236267089844,175.59814453125,0.049534980207681656
275,199.84911440952766,1.0,254.18881225585938,188.33126831054688,0.08053404837846756
277,276.9803862703679,1.0,264.688720703125,167.73629760742188,0.05884667485952377
279,102.75161329730683,2.0,265.41180419921875,179.69322204589844,0.18731047213077545
280,390.3530257538304,1.0,269.8051452636719,174.59750366210938,0.03800089284777641
282,139.24563475908178,2.0,274.12359619140625,168.51576232910156,0.05799894779920578
283,408.00206813023493,1.0,269.29815673828125,165.46206665039062,0.024464063346385956
284,76.98428244675279,3.0,272.025146484375,171.10350036621094,0.1416456252336502
285,75.64862036566007,3.0,274.8266296386719,187.990234375,0.32032009959220886
286,300.05820290732436,1.0,261.4609680175781,183.37911987304688,0.054977964609861374
287,99.90804346719484,2.0,265.3559265136719,190.3664093017578,0.2692822217941284
288,205.04899580846757,1.0,271.3537902832031,177.9110870361328,0.07022371888160706
289,211.0681434350566,1.0,256.25738525390625,172.94300842285156,0.08837126940488815
291,189.67943234447125,1.0,253.69715881347656,177.50726318359375,0.04624693840742111
293,95.5884150702878,3.0,269.9989318847656,173.56874084472656,0.2563595473766327
294,260.1725314018014,1.0,258.1209411621094,190.18666076660156,0.12297171354293823
297,101.90308820111919,2.0,254.4263916015625,187.61929321289062,0.24539396166801453
299,243.69234645069946,1.0,264.96429443359375,188.51123046875,0.0769067257642746
300,110.28881894236655,2.0,271.0260009765625,184.841796875,0.13026171922683716
301,171.13967640339675,1.0,251.3140106201172,173.968017578125,0.08473406732082367
303,352.7468257310117,1.0,266.30059814453125,169.9394073486328,0.039545733481645584
305,410.9805930400686,1.0,255.59317016601562,178.81491088867188,0.055730078369379044
306,198.89910511732288,1.0,267.1360168457031,184.6322021484375,0.1234775185585022
308,331.138120550585,1.0,253.10386657714844,174.051025390625,0.04723881185054779
309,693.6604746594032,0.0,274.51251220703125,172.53260803222656,0.029316531494259834
311,189.58777018849955,1.0,259.9364013671875,187.83114624023438,0.08180633187294006
312,489.90800255886376,1.0,269.99981689453125,189.65171813964844,0.056506551802158356
313,129.6373138785354,2.0,252.25167846679688,170.39195251464844,0.24332478642463684
314,118.33340453217107,2.0,275.07513427734375,169.47642517089844,0.2128097265958786
315,87.28153820071779,3.0,261.69476318359375,168.32704162597656,0.1589120477437973
317,253.85688909283272,1.0,273.7447814941406,181.61460876464844,0.060878686606884
318,162.98180091535866,2.0,255.72268676757812,170.04409790039062,0.06576363742351532
319,112.38143161506633,2.0,265.7391052246094,182.3745880126953,0.19159415364265442
322,264.5201474892392,1.0,258.9730529785156,175.43438720703125,0.07107685506343842
323,156.57143415365016,2.0,256.913818359375,168.99732971191406,0.15297479927539825
325,222.68381966612807,1.0,250.05905151367188,174.9800567626953,0.07945376634597778
328,324.85768043402993,1.0,255.4825439453125,169.39515686035156,0.06848026812076569
329,163.79801564993068,2.0,254.68812561035156,181.1446075439453,0.16133014857769012
330,174.3527602053417,1.0,251.30029296875,173.26515197753906,0.10487815737724304
333,109.01015272053144,2.0,253.08729553222656,181.00294494628906,0.22664858400821686
334,199.76315806839443,1.0,259.94964599609375,190.32135009765625,0.15264827013015747
335,323.3796478663287,1.0,269.9597473144531,165.0503387451172,0.03885249048471451
336,268.76604552851467,1.0,253.0746307373047,179.4654541015625,0.0835987776517868
337,142.35858761668462,2.0,255.63336181640625,171.73391723632812,0.08026435971260071
339,226.90981189537584,1.0,265.4564208984375,177.44483947753906,0.09978216141462326
340,129.74948017413922,2.0,270.4682312011719,165.6029052734375,0.23742316663265228
343,140.2427403788878,2.0,260.0137939453125,188.3721466064453,0.10188036412000656
344,209.96490980151088,1.0,266.2873840332031,179.43453979492188,0.11646098643541336
345,236.64894570048577,1.0,256.72027587890625,176.39637756347656,0.09568169713020325
347,207.68756563708953,1.0,253.04241943359375,174.47845458984375,0.1212814599275589
348,291.1032634147386,1.0,265.33538818359375,175.4355926513672,0.06254290789365768
349,300.92808586177455,1.0,258.711181640625,168.5037078857422,0.05035320296883583
350,240.46326904412618,1.0,263.0607604980469,188.89353942871094,0.06796743720769882
351,135.43341970201575,2.0,276.5179138183594,183.46803283691406,0.13955192267894745
352,166.8301698619873,1.0,253.1032257080078,186.43666076660156,0.1949608474969864
353,100.90727348402822,2.0,258.0975341796875,181.90103149414062,0.11627072840929031
354,361.76405811029457,1.0,274.9629821777344,173.74935913085938,0.11578144133090973
357,207.94101524821605,1.0,277.8614501953125,174.27175903320312,0.102831169962883
358,222.72919950195413,1.0,271.24383544921875,183.7807159423828,0.06963895261287689
359,204.9552537606504,1.0,271.3282775878906,169.42161560058594,0.05521966516971588
361,214.11910982043997,1.0,260.87823486328125,166.2164306640625,0.06363707780838013
362,75.97988699485522,3.0,251.504638671875,171.6819610595703,0.4451044499874115
363,249.21508779370515,1.0,251.70762634277344,176.19052124023438,0.06345417350530624
365,154.75873674174684,2.0,270.7784118652344,175.6338653564453,0.06778515875339508
366,224.72304792297422,1.0,272.4869689941406,184.6386260986328,0.06661207973957062
368,213.5211244338591,1.0,273.6742248535156,178.4974365234375,0.10141516476869583
369,252.18900911007964,1.0,259.43072509765625,171.9905548095703,0.0620107538998127
370,95.99256809036672,3.0,252.73983764648438,172.87704467773438,0.18393440544605255
374,239.72162260225178,1.0,250.84500122070312,181.47036743164062,0.04718868434429169
375,130.10363714366488,2.0,277.1431579589844,176.1917266845703,0.18136030435562134
376,185.18847808255543,1.0,254.398193359375,173.98257446289062,0.10365765541791916
379,318.9489206741713,1.0,251.6566162109375,173.76052856445312,0.041490569710731506
381,218.59868036090106,1.0,268.0899353027344,182.71514892578125,0.08372098207473755
382,368.80709894693956,1.0,263.9920654296875,178.89984130859375,0.03503581881523132
383,253.31036977314048,1.0,271.3260192871094,166.29898071289062,0.05772392824292183
384,307.5972813842815,1.0,273.38665771484375,180.74005126953125,0.043380770832300186
385,145.21729236735362,2.0,263.8822326660156,186.9190216064453,0.1063561961054802
387,97.19276348101577,3.0,271.4394836425781,186.84730529785156,0.15887825191020966
390,248.7840582339548,1.0,258.550537109375,173.52163696289062,0.05990849435329437
391,162.88251567536744,2.0,268.4315490722656,179.56637573242188,0.06396288424730301
392,132.24290813417588,2.0,264.115234375,185.73179626464844,0.09000575542449951
394,230.88873220264244,1.0,267.0529479980469,183.64932250976562,0.05684077367186546
395,184.99727019767127,1.0,270.3460693359375,185.79083251953125,0.11032023280858994
396,164.701295389888,2.0,264.3945007324219,178.94024658203125,0.07136653363704681
397,369.9188184035217,1.0,263.54571533203125,176.87600708007812,0.03582468256354332
399,83.84593429853544,3.0,261.7616271972656,191.0977020263672,0.32609936594963074
401,331.18253928893625,1.0,251.4132537841797,171.09739685058594,0.0833495557308197
403,275.6013192081516,1.0,265.19232177734375,182.07806396484375,0.04221748933196068
404,266.53468235866484,1.0,250.61911010742188,180.6948699951172,0.03791055828332901
405,400.10411388201027,1.0,256.0168151855469,173.33432006835938,0.017888076603412628
406,139.22781948648668,2.0,269.4507141113281,171.5681915283203,0.33951815962791443
407,341.2324248915632,1.0,271.908447265625,176.039794921875,0.06457225233316422
410,217.5303706964594,1.0,265.1177673339844,174.65997314453125,0.07252747565507889
411,191.28252436445968,1.0,255.4825897216797,189.03274536132812,0.07700903713703156
413,220.92960524205438,1.0,264.50323486328125,179.8837432861328,0.08471555262804031
415,201.44664436292604,1.0,272.985107421875,176.95875549316406,0.029605770483613014
417,556.432199509063,0.0,258.3966979980469,190.0545654296875,0.048519447445869446
419,160.74902615840227,2.0,262.7654724121094,165.0611114501953,0.0794864073395729
420,143.8188021718872,2.0,266.97174072265625,179.82850646972656,0.06876538693904877
423,138.2569861495116,2.0,254.01437377929688,174.3081817626953,0.07806640863418579
424,384.8040416080821,1.0,256.26690673828125,187.26556396484375,0.058615315705537796
425,310.6568224817504,1.0,264.0976867675781,167.4053497314453,0.03373275697231293
426,396.12283054757177,1.0,253.5082550048828,171.9913787841797,0.0496014729142189
429,214.071725464319,1.0,255.1699676513672,175.00079345703125,0.043301209807395935
430,305.44355012297683,1.0,271.4322204589844,187.58157348632812,0.06858935207128525
432,221.46457397517085,1.0,257.07672119140625,166.25689697265625,0.0790698379278183
434,368.0234304013793,1.0,250.71163940429688,174.704833984375,0.05919373407959938
435,276.39313278554636,1.0,269.0169677734375,191.49737548828125,0.1027713268995285
437,200.56066787737646,1.0,256.0308837890625,169.3693084716797,0.07641757279634476
441,167.29294336792236,1.0,267.3543701171875,170.83168029785156,0.0875680074095726
443,414.95803723048084,1.0,266.58831787109375,178.10348510742188,0.045457929372787476
444,280.1806066392625,1.0,273.1790466308594,175.62188720703125,0.03532778471708298
446,143.11398146306482,2.0,278.7296142578125,176.9510498046875,0.06699074059724808
447,320.7410940854776,1.0,270.5350036621094,172.24447631835938,0.04865840822458267
450,264.1959432361596,1.0,272.19927978515625,185.15765380859375,0.06174536049365997
451,202.9077619583208,1.0,276.76422119140625,177.50372314453125,0.043620090931653976
452,144.3185803974864,2.0,260.6181945800781,186.86300659179688,0.15095891058444977
453,192.89357100483824,1.0,267.2283935546875,184.1405487060547,0.032942790538072586
454,120.66480590038086,2.0,275.4411315917969,180.09353637695312,0.03682941943407059
456,265.0540064200174,1.0,257.9613342285156,180.64561462402344,0.038080524653196335
458,151.702035909199,2.0,256.2977294921875,177.4173583984375,0.0850062221288681
459,355.20516104653643,1.0,265.21697998046875,163.9450225830078,0.046711910516023636
460,154.72953175860323,2.0,267.7101135253906,165.92388916015625,0.05454585701227188
461,91.66143765792293,3.0,255.4912567138672,177.14715576171875,0.21607325971126556
462,174.87021381018056,1.0,266.5768127441406,165.13731384277344,0.06297403573989868
463,249.70512376734834,1.0,251.74632263183594,183.7808837890625,0.04836857691407204
466,156.85245310537172,2.0,254.46591186523438,186.9940948486328,0.0831647589802742
467,209.53255911136077,1.0,259.3320617675781,169.1444854736328,0.07516534626483917
468,210.7551185214754,1.0,262.2696533203125,186.146240234375,0.034852173179388046
470,426.15004466467747,1.0,251.46702575683594,181.54232788085938,0.03879769518971443
471,196.8932705928448,1.0,255.02186584472656,186.25396728515625,0.11714687943458557
472,449.8852430788145,1.0,261.1687316894531,165.1088409423828,0.04167292267084122
475,154.63537703700317,2.0,268.8653564453125,182.0614013671875,0.1176394447684288
477,134.01559179960176,2.0,254.42111206054688,184.99624633789062,0.13150693476200104
481,197.33218535229125,1.0,273.6060485839844,170.1871795654297,0.06421155482530594
482,505.1275190240018,0.0,255.5435333251953,170.91200256347656,0.029876306653022766
483,409.2898103473046,1.0,266.072265625,191.07411193847656,0.073246531188488
486,183.18820343353127,1.0,273.20245361328125,178.33169555664062,0.07356758415699005
487,204.2175427838222,1.0,265.07861328125,172.15850830078125,0.10447737574577332
493,219.77738024989313,1.0,255.97384643554688,187.86941528320312,0.07987774908542633
495,141.6343620578921,2.0,257.8508605957031,183.46261596679688,0.05042866989970207
497,303.4287358694334,1.0,254.14573669433594,184.34596252441406,0.06326739490032196
498,188.50327620382308,1.0,272.27685546875,165.36410522460938,0.0973799079656601
499,332.1513503902334,1.0,258.1495361328125,184.1893768310547,0.06468090415000916
503,246.14955593445066,1.0,268.11669921875,181.59083557128906,0.058934614062309265
504,347.73753782859035,1.0,268.1705017089844,175.4007568359375,0.06439482420682907
505,243.0219032065296,1.0,262.6275329589844,169.48199462890625,0.057899877429008484
506,197.20466148150913,1.0,265.30242919921875,182.98953247070312,0.2120991200208664
507,254.99055120135068,1.0,270.8533935546875,176.67379760742188,0.03925551474094391
509,159.7797449571216,2.0,271.006591796875,181.45657348632812,0.05113333463668823
510,174.238265275589,1.0,275.2361755371094,183.99269104003906,0.08895907551050186
512,248.1362597826139,1.0,255.5767059326172,173.55711364746094,0.12423435598611832
513,274.2959400139531,1.0,272.8831481933594,179.5603485107422,0.07982625812292099
514,185.03182182193135,1.0,260.93536376953125,183.5917205810547,0.06163191422820091
515,158.29984262662467,2.0,275.5970764160156,173.19970703125,0.0963355153799057
516,184.44190095609449,1.0,265.5381164550781,188.57801818847656,0.05696115642786026
518,151.39964964409347,2.0,269.3470764160156,183.0908203125,0.08087698370218277
520,654.0518065641661,0.0,265.0335388183594,183.9119415283203,0.04998211935162544
521,157.36869513074836,2.0,270.9865417480469,167.96139526367188,0.06905756890773773
523,156.16789527076799,2.0,268.72906494140625,173.6211395263672,0.0531751811504364
524,197.33714393674836,1.0,255.64108276367188,178.3275604248047,0.10850942879915237
525,208.44593351463547,1.0,261.116455078125,180.62794494628906,0.06536556780338287
529,170.8393168815114,1.0,276.24310302734375,171.810791015625,0.13372457027435303
531,358.4354841283698,1.0,256.15765380859375,181.90286254882812,0.036317382007837296
537,162.1685599197529,2.0,262.1953125,168.57363891601562,0.08159639686346054
538,424.0501354700128,1.0,270.6832275390625,175.11512756347656,0.037547092884778976
541,390.78596613967187,1.0,261.1981506347656,167.8531036376953,0.035301562398672104
542,413.20270496985137,1.0,272.6716003417969,167.04998779296875,0.03438131883740425
543,223.5751406168159,1.0,276.6471862792969,173.84751892089844,0.0712231993675232
544,299.29360823120965,1.0,276.2281188964844,169.56443786621094,0.05749130621552467
547,309.3970637739024,1.0,261.5712585449219,172.38490295410156,0.05252547934651375
548,291.21732820100067,1.0,255.57931518554688,182.02635192871094,0.0642370879650116
551,277.64281532806876,1.0,267.15826416015625,165.0584259033203,0.04105856269598007
552,261.88855063058844,1.0,278.3045959472656,180.7291717529297,0.0532616563141346
553,205.16457486946777,1.0,261.5479736328125,179.37008666992188,0.08277933299541473
558,205.80394758674385,1.0,260.26153564453125,171.99855041503906,0.024405719712376595
559,201.73624491318165,1.0,266.7789611816406,181.38534545898438,0.0813966616988182
562,144.990895360272,2.0,265.48779296875,188.10955810546875,0.11846905946731567
564,219.82635909812603,1.0,257.859375,181.53599548339844,0.041966162621974945
565,487.075045184514,1.0,270.9163513183594,170.7262725830078,0.056754086166620255
566,284.0601356103403,1.0,270.8221130371094,188.75204467773438,0.03452081233263016
568,46.29595022542729,5.0,250.325927734375,178.6541748046875,0.10587611794471741
575,390.8866040586253,1.0,257.2198486328125,165.50933837890625,0.01791645772755146
578,313.3163930542972,1.0,271.849365234375,173.2837677001953,0.041724685579538345
579,176.0289361642917,1.0,261.26593017578125,184.0133514404297,0.03862978518009186
581,95.00940518676188,3.0,264.4308166503906,165.36318969726562,0.050212740898132324
582,285.7713737266172,1.0,254.32174682617188,182.50306701660156,0.0816413164138794
584,140.65373320219476,2.0,263.4873352050781,172.30325317382812,0.1214064359664917
585,254.78029315103274,1.0,264.2336730957031,171.9296112060547,0.03131796419620514
586,152.50157767398562,2.0,274.0597229003906,172.99888610839844,0.033967990428209305
588,513.9952099194543,0.0,263.58258056640625,169.24134826660156,0.025439901277422905
591,234.9864383666651,1.0,272.84552001953125,180.21763610839844,0.022221112623810768
596,248.0711283525965,1.0,253.3425750732422,172.84422302246094,0.08010606467723846
